,Name,Price
0,Nike Air Max Pulse RoamJust InNike Air Max Pulse RoamMen's Shoes1 ColourMRP , ₹ 14 995.00
1,Jordan One Take 4 PFJordan One Take 4 PFMen's Shoes1 ColourMRP , ₹ 8 695.00
2,Nike Court Vision Low Next NatureBestsellerNike Court Vision Low Next NatureMen's Shoes1 ColourMRP , ₹ 4 995.00
3,Nike Air Max 97Nike Air Max 97Men's Shoes2 ColoursMRP , ₹ 16 995.00
4,Jordan Club CapSustainable MaterialsJordan Club CapAdjustable Hat1 ColourMRP , ₹ 1 195.00
5,Nike Victori OneNike Victori OneMen's Printed Slides2 ColoursMRP , ₹ 2 595.00
6,Nike Sportswear Tech PackMember productNike Sportswear Tech PackMen's Knit Jumper2 ColoursMRP , ₹ 6 495.00
7,Nike SportswearNike SportswearMen's T-Shirt2 ColoursMRP , ₹ 2 195.00
8,Nike Blazer Low '77 VintageJust InNike Blazer Low '77 VintageMen's Shoes2 ColoursMRP , ₹ 7 195.00
9,Nike Air Max SYSTMJust InNike Air Max SYSTMMen's Shoes3 ColoursMRP , ₹ 8 595.00
10,Nike Air Max 1Just InNike Air Max 1Men's shoes1 ColourMRP , ₹ 12 795.00
11,Nike Air Max PulseJust InNike Air Max PulseMen's Shoes1 ColourMRP , ₹ 13 995.00
12,Nike Air Max PlusJust InNike Air Max PlusShoes1 ColourMRP , ₹ 18 395.00
13,Nike Air Max ExceeJust InNike Air Max ExceeMen's Shoe1 ColourMRP , ₹ 7 995.00
14,Jordan Essentials HolidayJust InJordan Essentials HolidayMen's Fleece Pullover Hoodie2 ColoursMRP , ₹ 4 395.00
15,Jordan Essentials HolidayJust InJordan Essentials HolidayMen's Fleece Crew3 ColoursMRP , ₹ 3 795.00
16,Jordan Flight EssentialsJust InJordan Flight EssentialsMen's Oversized T-Shirt2 ColoursMRP , ₹ 2 495.00
17,Jordan Flight EssentialsJust InJordan Flight EssentialsMen's T-Shirt2 ColoursMRP , ₹ 1 995.00
18,Air Jordan 1 LowBestsellerAir Jordan 1 LowWomen's Shoes1 ColourMRP , ₹ 8 295.00
19,Nike SB Dunk Low ProPromo ExclusionNike SB Dunk Low ProSkate Shoes1 ColourMRP , ₹ 8 695.00
20,Nike Dunk Low Retro PremiumNike Dunk Low Retro PremiumMen's Shoes1 ColourMRP , ₹ 9 695.00
21,Nike Air Force 1 '07 LV8Just InNike Air Force 1 '07 LV8Men's Shoes1 ColourMRP , ₹ 10 795.00
22,Nike Full Force LowNike Full Force LowMen's Shoes3 ColoursMRP , ₹ 8 495.00
23,Nike Court Vision LowJust InNike Court Vision LowMen's Shoes1 ColourMRP , ₹ 5 695.00
